{
 "bending": [
  [
   3.6348366e-05,
   4.9585537e-05,
   4.574408e-05,
   4.7413387e-05,
   2.0726685e-05
  ],
  [
   3.3013252e-05,
   2.9744385e-05,
   3.5103642e-05,
   3.4041019e-05,
   1.4439938e-05
  ],
  [
   3.7157593e-05,
   3.4107452e-05,
   3.3229435e-05,
   3.4685535e-05,
   1.0439938e-05
  ]
 ],
 "density": 0.284,
 "stretching": [
  [
   31.146198,
   -12.802702,
   44.028667,
   31.896357
  ],
  [
   78.707756,
   26.754574,
   268.680725,
   27.743423
  ],
  [
   67.368431,
   77.767944,
   182.273407,
   -14.661531
  ],
  [
   113.367035,
   54.802021,
   175.126572,
   44.65733
  ],
  [
   144.29483,
   111.404854,
   138.42215,
   -29.861851
  ],
  [
   143.933365,
   49.654823,
   191.777588,
   39.491055
  ]
 ]
}